FirstName,LastName,Name4Mail,Phone,exper1,exper2,exper3,exper4,exper5,exper6
Noelle,Long,NoelleLong,054-404-1174,Standard movement and safety procedures,Quality control,Performance measurement,Traffic and safety regulations - other,Transportation checks - pedestrians,
Annabella,Hood,AnnabellaHood,052-731-1893,Standard movement and safety procedures,Safety reviews,Quality control,Transportation regulation,Quality control Extra,Risk management and assessment
Brenna,Jenkins,BrennaJenkins,054-303-1356,Transportation checks - pedestrians,Local railway,Quality control Extra,Local railway,Quality control Extra,
Heidy,Wang,HeidyWang,052-681-1636,Safety reviews,Project management,Risk management and assessment,Management and training,Transportation checks - pedestrians,Transportation regulation
Nick,Cordova,NickCordova,054-736-1187,Project management,Traffic and safety regulations - other,Transportation checks - pedestrians,Transportation regulation,Quality control Extra,Local railway
Heath,Barajas,HeathBarajas,052-794-1502,Performance measurement,Funding and budgeting,Transportation regulation,Safety reviews,Local railway,
Raven,Cole,RavenCole,054-429-1112,Performance measurement,Quality control Extra,Project management,Safety reviews,,
Joel,Barton,JoelBarton,052-648-1787,Quality control Extra,Transportation checks - pedestrians,Performance measurement,Local railway,Management and training,Editing and graphic design
Roland,Golden,RolandGolden,054-279-1368,Quality control,Safety reviews,Performance measurement,Standard movement and safety procedures,Traffic and safety regulations - other,Safety reviews
Maximo ,Ball,MaximoBall,052-396-1324,Quality control,Traffic and safety regulations - other,Risk management and assessment,Transportation checks - pedestrians,,
